{
    "name": "root",
    "gauges": {
        "RaceCar.Policy.Entropy.mean": {
            "value": -0.9967510104179382,
            "min": -0.9967510104179382,
            "max": -0.1986493468284607,
            "count": 60
        },
        "RaceCar.Policy.Entropy.sum": {
            "value": -49825.58984375,
            "min": -49825.58984375,
            "max": -9933.6591796875,
            "count": 60
        },
        "RaceCar.Step.mean": {
            "value": 2999952.0,
            "min": 49942.0,
            "max": 2999952.0,
            "count": 60
        },
        "RaceCar.Step.sum": {
            "value": 2999952.0,
            "min": 49942.0,
            "max": 2999952.0,
            "count": 60
        },
        "RaceCar.Policy.ExtrinsicValueEstimate.mean": {
            "value": 4.795434951782227,
            "min": 0.6551862359046936,
            "max": 5.358936786651611,
            "count": 60
        },
        "RaceCar.Policy.ExtrinsicValueEstimate.sum": {
            "value": 3836.34814453125,
            "min": 532.01123046875,
            "max": 4297.8671875,
            "count": 60
        },
        "RaceCar.Policy.GailValueEstimate.mean": {
            "value": 4.3763933181762695,
            "min": 3.8933181762695312,
            "max": 21.213443756103516,
            "count": 60
        },
        "RaceCar.Policy.GailValueEstimate.sum": {
            "value": 3501.114501953125,
            "min": 3126.33447265625,
            "max": 17225.31640625,
            "count": 60
        },
        "RaceCar.Environment.EpisodeLength.mean": {
            "value": 1369.054054054054,
            "min": 838.8833333333333,
            "max": 1480.6470588235295,
            "count": 60
        },
        "RaceCar.Environment.EpisodeLength.sum": {
            "value": 50655.0,
            "min": 48692.0,
            "max": 51253.0,
            "count": 60
        },
        "RaceCar.Environment.CumulativeReward.mean": {
            "value": 161.05034995159588,
            "min": 46.59076152714816,
            "max": 185.7557717745795,
            "count": 60
        },
        "RaceCar.Environment.CumulativeReward.sum": {
            "value": 5958.862948209047,
            "min": 2562.491883993149,
            "max": 6577.602591693401,
            "count": 60
        },
        "RaceCar.Policy.ExtrinsicReward.mean": {
            "value": 64.4201407940001,
            "min": 18.63630497591062,
            "max": 74.30230955122148,
            "count": 60
        },
        "RaceCar.Policy.ExtrinsicReward.sum": {
            "value": 2383.545209378004,
            "min": 1024.9967736750841,
            "max": 2631.0410689264536,
            "count": 60
        },
        "RaceCar.Policy.GailReward.mean": {
            "value": 54.65236735459405,
            "min": 47.09265345293689,
            "max": 315.8105703047541,
            "count": 60
        },
        "RaceCar.Policy.GailReward.sum": {
            "value": 2022.1375921199797,
            "min": 1940.6480829332468,
            "max": 17369.581366761475,
            "count": 60
        },
        "RaceCar.Losses.PolicyLoss.mean": {
            "value": 0.04619610147477943,
            "min": 0.0453954441160143,
            "max": 0.05226860151849298,
            "count": 60
        },
        "RaceCar.Losses.PolicyLoss.sum": {
            "value": 0.23098050737389714,
            "min": 0.19122585420082033,
            "max": 0.2613430075924649,
            "count": 60
        },
        "RaceCar.Losses.ValueLoss.mean": {
            "value": 2.5306307815512024,
            "min": 1.8378544559081398,
            "max": 36.91823146541913,
            "count": 60
        },
        "RaceCar.Losses.ValueLoss.sum": {
            "value": 12.653153907756012,
            "min": 8.636032749712466,
            "max": 147.67292586167653,
            "count": 60
        },
        "RaceCar.Policy.LearningRate.mean": {
            "value": 7.425059242600019e-07,
            "min": 7.425059242600019e-07,
            "max": 9.914371752295e-05,
            "count": 60
        },
        "RaceCar.Policy.LearningRate.sum": {
            "value": 3.7125296213000096e-06,
            "min": 3.7125296213000096e-06,
            "max": 0.00048801997864670015,
            "count": 60
        },
        "RaceCar.Policy.Epsilon.mean": {
            "value": 0.10074240666666667,
            "min": 0.10074240666666667,
            "max": 0.1991437166666667,
            "count": 60
        },
        "RaceCar.Policy.Epsilon.sum": {
            "value": 0.5037120333333334,
            "min": 0.44336219999999993,
            "max": 0.9880199666666667,
            "count": 60
        },
        "RaceCar.Policy.Beta.mean": {
            "value": 1.3637792666666676e-05,
            "min": 1.3637792666666676e-05,
            "max": 0.0004958042116666667,
            "count": 60
        },
        "RaceCar.Policy.Beta.sum": {
            "value": 6.818896333333338e-05,
            "min": 6.818896333333338e-05,
            "max": 0.0024412978366666668,
            "count": 60
        },
        "RaceCar.Policy.GAILPolicyEstimate.mean": {
            "value": 0.058976741330698135,
            "min": 0.05394356801795462,
            "max": 0.2062587983906269,
            "count": 60
        },
        "RaceCar.Policy.GAILPolicyEstimate.sum": {
            "value": 0.2948837066534907,
            "min": 0.23534210330496233,
            "max": 0.8933915509531895,
            "count": 60
        },
        "RaceCar.Policy.GAILExpertEstimate.mean": {
            "value": 0.9425061147411664,
            "min": 0.833908015092214,
            "max": 0.9469940872987112,
            "count": 60
        },
        "RaceCar.Policy.GAILExpertEstimate.sum": {
            "value": 4.712530573705832,
            "min": 3.3900269945462544,
            "max": 4.734970436493556,
            "count": 60
        },
        "RaceCar.Losses.GAILLoss.mean": {
            "value": 0.15469746712595228,
            "min": 0.13998493437965712,
            "max": 0.4621819638026257,
            "count": 60
        },
        "RaceCar.Losses.GAILLoss.sum": {
            "value": 0.7734873356297614,
            "min": 0.6127181930467487,
            "max": 2.2837829093138375,
            "count": 60
        },
        "RaceCar.Policy.GAILGradMagLoss.mean": {
            "value": 0.05408907967464377,
            "min": 0.050401207020816706,
            "max": 0.1571446968552967,
            "count": 60
        },
        "RaceCar.Policy.GAILGradMagLoss.sum": {
            "value": 0.27044539837321885,
            "min": 0.22066529838678736,
            "max": 0.6285787874211868,
            "count": 60
        },
        "RaceCar.Losses.PretrainingLoss.mean": {
            "value": 0.0728560772119907,
            "min": 0.0728560772119907,
            "max": 0.7290417780740219,
            "count": 60
        },
        "RaceCar.Losses.PretrainingLoss.sum": {
            "value": 0.3642803860599535,
            "min": 0.30609961305009686,
            "max": 2.9161671122960877,
            "count": 60
        },
        "RaceCar.IsTraining.mean": {
            "value": 1.0,
            "min": 1.0,
            "max": 1.0,
            "count": 60
        },
        "RaceCar.IsTraining.sum": {
            "value": 1.0,
            "min": 1.0,
            "max": 1.0,
            "count": 60
        }
    },
    "metadata": {
        "timer_format_version": "0.1.0",
        "start_time_seconds": "1698546751",
        "python_version": "3.9.17 (main, Jul  5 2023, 20:47:11) [MSC v.1916 64 bit (AMD64)]",
        "command_line_arguments": "\\\\?\\C:\\Users\\KIIT\\anaconda3\\envs\\mlagents20\\Scripts\\mlagents-learn .\\Config\\RightOvalConfig.yaml --run-id=NewRightRe --time-scale=15",
        "mlagents_version": "0.30.0",
        "mlagents_envs_version": "0.30.0",
        "communication_protocol_version": "1.5.0",