{"count":1,"self":520.5228544,"total":8068.7294503999992,"children":{"InitializeActuators":{"count":16,"self":0.0016030999999999999,"total":0.0016030999999999999,"children":null},"InitializeSensors":{"count":16,"self":0.0025578999999999997,"total":0.0025578999999999997,"children":null},"AgentSendState":{"count":312551,"self":996.5012992,"total":1168.3230826,"children":{"CollectObservations":{"count":5000816,"self":3.1842842,"total":3.1842842,"children":null},"WriteActionMask":{"count":5000816,"self":2.4607056,"total":2.4607057,"children":null},"RequestDecision":{"count":5000816,"self":12.604,"total":166.1768083,"children":{"AgentInfo.ToProto":{"count":5000816,"self":8.4618928,"total":153.57280799999998,"children":{"GenerateSensorData":{"count":5000816,"self":107.1611008,"total":145.1109155,"children":{"RayPerceptionSensor.Perceive":{"count":15002448,"self":37.9498144,"total":37.949813299999995,"children":null}}}}}}}}},"DecideAction":{"count":312551,"self":6372.6764032,"total":6372.6763277,"children":null},"AgentAct":{"count":312551,"self":7.0139863999999994,"total":7.2020355,"children":{"AgentInfo.ToProto":{"count":4449,"self":0.015619599999999999,"total":0.18804939999999998,"children":{"GenerateSensorData":{"count":4449,"self":0.13061209999999998,"total":0.1724298,"children":{"RayPerceptionSensor.Perceive":{"count":13347,"self":0.0418177,"total":0.0418177,"children":null}}}}}}}},"gauges":{"RaceCar.CumulativeReward":{"count":4449,"max":555.2347,"min":-1605.92053,"runningAverage":-0.291823834,"value":415.3432,"weightedAverage":290.809662}},"metadata":{"timer_format_version":"0.1.0","start_time_seconds":"1698800018","unity_version":"2022.3.6f1","command_line_arguments":"C:\\Program Files\\Unity\\Hub\\Editor\\2022.3.6f1\\Editor\\Unity.exe -projectpath C:\\Users\\KIIT\\Desktop\\Learning Environments\\NeuralNitro-AI -useHub -hubIPC -cloudEnvironment production","communication_protocol_version":"1.5.0","com.unity.ml-agents_version":"2.3.0-exp.3","scene_name":"TrainingEnv","end_time_seconds":"1698808087"}}