{
    "name": "root",
    "gauges": {
        "RaceCar.Policy.Entropy.mean": {
            "value": -1.0472733974456787,
            "min": -1.0472733974456787,
            "max": -0.4839194118976593,
            "count": 100
        },
        "RaceCar.Policy.Entropy.sum": {
            "value": -52648.52734375,
            "min": -52648.52734375,
            "max": -24265.654296875,
            "count": 100
        },
        "RaceCar.Step.mean": {
            "value": 4999959.0,
            "min": 49965.0,
            "max": 4999959.0,
            "count": 100
        },
        "RaceCar.Step.sum": {
            "value": 4999959.0,
            "min": 49965.0,
            "max": 4999959.0,
            "count": 100
        },
        "RaceCar.Policy.ExtrinsicValueEstimate.mean": {
            "value": -7.9247918128967285,
            "min": -11.242364883422852,
            "max": 3.040468215942383,
            "count": 100
        },
        "RaceCar.Policy.ExtrinsicValueEstimate.sum": {
            "value": -6561.7275390625,
            "min": -9173.76953125,
            "max": 2432.37451171875,
            "count": 100
        },
        "RaceCar.Policy.GailValueEstimate.mean": {
            "value": 2.5521252155303955,
            "min": 1.8268413543701172,
            "max": 18.68588638305664,
            "count": 100
        },
        "RaceCar.Policy.GailValueEstimate.sum": {
            "value": 2113.15966796875,
            "min": 1534.5467529296875,
            "max": 14873.96484375,
            "count": 100
        },
        "RaceCar.Environment.EpisodeLength.mean": {
            "value": 488.1489361702128,
            "min": 319.5780346820809,
            "max": 1441.8636363636363,
            "count": 100
        },
        "RaceCar.Environment.EpisodeLength.sum": {
            "value": 45886.0,
            "min": 32878.0,
            "max": 65984.0,
            "count": 100
        },
        "RaceCar.Environment.CumulativeReward.mean": {
            "value": -90.09427391357244,
            "min": -170.40360507586877,
            "max": 142.3992556226863,
            "count": 100
        },
        "RaceCar.Environment.CumulativeReward.sum": {
            "value": -8468.86174787581,
            "min": -11650.702403606847,
            "max": 6265.567247398198,
            "count": 100
        },
        "RaceCar.Policy.ExtrinsicReward.mean": {
            "value": -45.04713695678622,
            "min": -85.20180253793438,
            "max": 71.19962781134315,
            "count": 100
        },
        "RaceCar.Policy.ExtrinsicReward.sum": {
            "value": -4234.430873937905,
            "min": -5825.3512018034235,
            "max": 3132.783623699099,
            "count": 100
        },
        "RaceCar.Policy.GailReward.mean": {
            "value": 9.393724822775207,
            "min": 5.60668535324768,
            "max": 163.99127902530466,
            "count": 100
        },
        "RaceCar.Policy.GailReward.sum": {
            "value": 883.0101333408695,
            "min": 538.2417939117772,
            "max": 10331.450578594195,
            "count": 100
        },
        "RaceCar.Losses.PolicyLoss.mean": {
            "value": 0.04639354326609843,
            "min": 0.04591782641155078,
            "max": 0.056279012082747305,
            "count": 100
        },
        "RaceCar.Losses.PolicyLoss.sum": {
            "value": 0.18557417306439372,
            "min": 0.18367130564620313,
            "max": 0.2813950604137365,
            "count": 100
        },
        "RaceCar.Losses.ValueLoss.mean": {
            "value": 58.719943042596185,
            "min": 25.979983334541323,
            "max": 147.86414732933045,
            "count": 100
        },
        "RaceCar.Losses.ValueLoss.sum": {
            "value": 234.87977217038474,
            "min": 129.8999166727066,
            "max": 626.7682090600332,
            "count": 100
        },
        "RaceCar.Policy.LearningRate.mean": {
            "value": 2.552969896049999e-07,
            "min": 2.552969896049999e-07,
            "max": 4.9742878014244994e-05,
            "count": 100
        },
        "RaceCar.Policy.LearningRate.sum": {
            "value": 1.0211879584199996e-06,
            "min": 1.0211879584199996e-06,
            "max": 0.00024639520720959996,
            "count": 100
        },
        "RaceCar.Policy.Epsilon.mean": {
            "value": 0.10102078999999999,
            "min": 0.10102078999999999,
            "max": 0.29897151,
            "count": 100
        },
        "RaceCar.Policy.Epsilon.sum": {
            "value": 0.40408315999999994,
            "min": 0.40408315999999994,
            "max": 1.4855808000000004,
            "count": 100
        },
        "RaceCar.Policy.Beta.mean": {
            "value": 1.2500935500000001e-05,
            "min": 1.2500935500000001e-05,
            "max": 0.0004974801995000001,
            "count": 100
        },
        "RaceCar.Policy.Beta.sum": {
            "value": 5.0003742000000005e-05,
            "min": 5.0003742000000005e-05,
            "max": 0.0024646729600000003,
            "count": 100
        },
        "RaceCar.Policy.GAILPolicyEstimate.mean": {
            "value": 0.010775121949336608,
            "min": 0.00964925658086789,
            "max": 0.06918668640777469,
            "count": 100
        },
        "RaceCar.Policy.GAILPolicyEstimate.sum": {
            "value": 0.04310048779734643,
            "min": 0.03859702632347156,
            "max": 0.34593343203887345,
            "count": 100
        },
        "RaceCar.Policy.GAILExpertEstimate.mean": {
            "value": 0.9891542814671993,
            "min": 0.930543775955836,
            "max": 0.9906467082103095,
            "count": 100
        },
        "RaceCar.Policy.GAILExpertEstimate.sum": {
            "value": 3.956617125868797,
            "min": 3.765292871991793,
            "max": 4.953233541051548,
            "count": 100
        },
        "RaceCar.Losses.GAILLoss.mean": {
            "value": 0.030107432659133335,
            "min": 0.026667896970320723,
            "max": 0.19059561211615803,
            "count": 100
        },
        "RaceCar.Losses.GAILLoss.sum": {
            "value": 0.12042973063653334,
            "min": 0.10667158788128289,
            "max": 0.9529780605807902,
            "count": 100
        },
        "RaceCar.Policy.GAILGradMagLoss.mean": {
            "value": 0.007890109387881239,
            "min": 0.007890109387881239,
            "max": 0.03885478781691443,
            "count": 100
        },
        "RaceCar.Policy.GAILGradMagLoss.sum": {
            "value": 0.031560437551524954,
            "min": 0.031560437551524954,
            "max": 0.1554191512676577,
            "count": 100
        },
        "RaceCar.Losses.PretrainingLoss.mean": {
            "value": 0.12102887626323436,
            "min": 0.12102887626323436,
            "max": 0.5281292217473189,
            "count": 100
        },
        "RaceCar.Losses.PretrainingLoss.sum": {
            "value": 0.48411550505293743,
            "min": 0.48411550505293743,
            "max": 2.1125168869892756,
            "count": 100
        },
        "RaceCar.IsTraining.mean": {
            "value": 1.0,
            "min": 1.0,
            "max": 1.0,
            "count": 100
        },
        "RaceCar.IsTraining.sum": {
            "value": 1.0,
            "min": 1.0,
            "max": 1.0,
            "count": 100
        }
    },
    "metadata": {
        "timer_format_version": "0.1.0",
        "start_time_seconds": "1698977663",
        "python_version": "3.9.17 (main, Jul  5 2023, 20:47:11) [MSC v.1916 64 bit (AMD64)]",
        "command_line_arguments": "\\\\?\\C:\\Users\\KIIT\\anaconda3\\envs\\mlagents20\\Scripts\\mlagents-learn .\\Config\\NN_LeftChicane.yaml --run-id=NN-LeftChicane --time-scale=20 --force",
        "mlagents_version": "0.30.0",
        "mlagents_envs_version": "0.30.0",