{
    "name": "root",
    "gauges": {
        "RaceCar.Policy.Entropy.mean": {
            "value": 0.7011299729347229,
            "min": 0.7011299729347229,
            "max": 0.8908650875091553,
            "count": 10
        },
        "RaceCar.Policy.Entropy.sum": {
            "value": 14013.484375,
            "min": 14013.484375,
            "max": 17808.392578125,
            "count": 10
        },
        "RaceCar.Step.mean": {
            "value": 699954.0,
            "min": 519950.0,
            "max": 699954.0,
            "count": 10
        },
        "RaceCar.Step.sum": {
            "value": 699954.0,
            "min": 519950.0,
            "max": 699954.0,
            "count": 10
        },
        "RaceCar.Policy.ExtrinsicValueEstimate.mean": {
            "value": 1.1525204181671143,
            "min": 0.6710181832313538,
            "max": 1.162003993988037,
            "count": 10
        },
        "RaceCar.Policy.ExtrinsicValueEstimate.sum": {
            "value": 368.8065185546875,
            "min": 222.77804565429688,
            "max": 370.67926025390625,
            "count": 10
        },
        "RaceCar.Policy.GailValueEstimate.mean": {
            "value": 48.74089813232422,
            "min": 35.73078536987305,
            "max": 50.31036376953125,
            "count": 10
        },
        "RaceCar.Policy.GailValueEstimate.sum": {
            "value": 15597.087890625,
            "min": 11433.8515625,
            "max": 16149.626953125,
            "count": 10
        },
        "RaceCar.Environment.EpisodeLength.mean": {
            "value": 1417.5,
            "min": 581.7575757575758,
            "max": 1417.5,
            "count": 10
        },
        "RaceCar.Environment.EpisodeLength.sum": {
            "value": 19845.0,
            "min": 19135.0,
            "max": 20829.0,
            "count": 10
        },
        "RaceCar.Environment.CumulativeReward.mean": {
            "value": 154.05925002481257,
            "min": 25.063407222429912,
            "max": 157.2577072594847,
            "count": 10
        },
        "RaceCar.Environment.CumulativeReward.sum": {
            "value": 2156.829500347376,
            "min": 827.0924383401871,
            "max": 2258.491850346327,
            "count": 10
        },
        "RaceCar.Policy.ExtrinsicReward.mean": {
            "value": 15.405925211629697,
            "min": 2.506340741772543,
            "max": 15.72577089230929,
            "count": 10
        },
        "RaceCar.Policy.ExtrinsicReward.sum": {
            "value": 215.68295296281576,
            "min": 82.70924447849393,
            "max": 225.84918926283717,
            "count": 10
        },
        "RaceCar.Policy.GailReward.mean": {
            "value": 637.3006149360111,
            "min": 254.402556349952,
            "max": 800.1207617871902,
            "count": 10
        },
        "RaceCar.Policy.GailReward.sum": {
            "value": 8922.208609104156,
            "min": 8395.284359548416,
            "max": 13602.052950382233,
            "count": 10
        },
        "RaceCar.Losses.PolicyLoss.mean": {
            "value": 0.048577555951002674,
            "min": 0.04493015802460529,
            "max": 0.05083724362574078,
            "count": 10
        },
        "RaceCar.Losses.PolicyLoss.sum": {
            "value": 0.09715511190200535,
            "min": 0.045661038220350746,
            "max": 0.10167448725148157,
            "count": 10
        },
        "RaceCar.Losses.ValueLoss.mean": {
            "value": 29.62971051534017,
            "min": 20.349517226219177,
            "max": 48.55041929880778,
            "count": 10
        },
        "RaceCar.Losses.ValueLoss.sum": {
            "value": 59.25942103068034,
            "min": 40.699034452438354,
            "max": 73.40015310446421,
            "count": 10
        },
        "RaceCar.Policy.LearningRate.mean": {
            "value": 7.096527152142847e-06,
            "min": 7.096527152142847e-06,
            "max": 0.00013551007289800004,
            "count": 10
        },
        "RaceCar.Policy.LearningRate.sum": {
            "value": 1.4193054304285694e-05,
            "min": 1.4193054304285694e-05,
            "max": 0.0002489565787801428,
            "count": 10
        },
        "RaceCar.Policy.Epsilon.mean": {
            "value": 0.10141928571428571,
            "min": 0.10141928571428571,
            "max": 0.12710200000000002,
            "count": 10
        },
        "RaceCar.Policy.Epsilon.sum": {
            "value": 0.20283857142857142,
            "min": 0.12710200000000002,
            "max": 0.24979128571428583,
            "count": 10
        },
        "RaceCar.Policy.Beta.mean": {
            "value": 1.6954499999999985e-05,
            "min": 1.6954499999999985e-05,
            "max": 0.00014279980000000001,
            "count": 10
        },
        "RaceCar.Policy.Beta.sum": {
            "value": 3.390899999999997e-05,
            "min": 3.390899999999997e-05,
            "max": 0.0002639773,
            "count": 10
        },
        "RaceCar.Policy.GAILPolicyEstimate.mean": {
            "value": 0.3234294305245082,
            "min": 0.27436773491402466,
            "max": 0.3333168500413497,
            "count": 10
        },
        "RaceCar.Policy.GAILPolicyEstimate.sum": {
            "value": 0.6468588610490164,
            "min": 0.3199353831509749,
            "max": 0.6666337000826994,
            "count": 10
        },
        "RaceCar.Policy.GAILExpertEstimate.mean": {
            "value": 0.6845685909191768,
            "min": 0.665294067064921,
            "max": 0.714585633824269,
            "count": 10
        },
        "RaceCar.Policy.GAILExpertEstimate.sum": {
            "value": 1.3691371818383535,
            "min": 0.6893607487281164,
            "max": 1.429171267648538,
            "count": 10
        },
        "RaceCar.Losses.GAILLoss.mean": {
            "value": 0.86626236140728,
            "min": 0.7567192107439041,
            "max": 0.9129738872249922,
            "count": 10
        },
        "RaceCar.Losses.GAILLoss.sum": {
            "value": 1.73252472281456,
            "min": 0.8846929843227068,
            "max": 1.8259477744499844,
            "count": 10
        },
        "RaceCar.Policy.GAILGradMagLoss.mean": {
            "value": 0.10164752776424091,
            "min": 0.09932687161490322,
            "max": 0.13732350037122767,
            "count": 10
        },
        "RaceCar.Policy.GAILGradMagLoss.sum": {
            "value": 0.20329505552848182,
            "min": 0.13732350037122767,
            "max": 0.24065658301115034,
            "count": 10
        },
        "RaceCar.Losses.PretrainingLoss.mean": {
            "value": 0.3075220975137892,
            "min": 0.3075220975137892,
            "max": 0.44459179043769836,
            "count": 10
        },
        "RaceCar.Losses.PretrainingLoss.sum": {
            "value": 0.6150441950275785,
            "min": 0.44459179043769836,
            "max": 0.8523148099581401,
            "count": 10
        },
        "RaceCar.IsTraining.mean": {
            "value": 1.0,
            "min": 1.0,
            "max": 1.0,
            "count": 10
        },
        "RaceCar.IsTraining.sum": {
            "value": 1.0,
            "min": 1.0,
            "max": 1.0,
            "count": 10
        }
    },
    "metadata": {
        "timer_format_version": "0.1.0",
        "start_time_seconds": "1698424303",
        "python_version": "3.9.17 (main, Jul  5 2023, 20:47:11) [MSC v.1916 64 bit (AMD64)]",
        "command_line_arguments": "\\\\?\\C:\\Users\\KIIT\\anaconda3\\envs\\mlagents20\\Scripts\\mlagents-learn .\\Config\\Car.yaml --run-id=NewRfirstAttempt --resume --time-scale=5",
        "mlagents_version": "0.30.0",
        "mlagents_envs_version": "0.30.0",
        "communication_protocol_version": "1.5.0",
        "pytorch_version": "2.0.1+cu118",