{
    "name": "root",
    "gauges": {
        "RaceCar.Policy.Entropy.mean": {
            "value": -0.4787874221801758,
            "min": -0.4787874221801758,
            "max": 0.3094522953033447,
            "count": 100
        },
        "RaceCar.Policy.Entropy.sum": {
            "value": -23847.443359375,
            "min": -23847.443359375,
            "max": 15631.0546875,
            "count": 100
        },
        "RaceCar.Step.mean": {
            "value": 4999957.0,
            "min": 49962.0,
            "max": 4999957.0,
            "count": 100
        },
        "RaceCar.Step.sum": {
            "value": 4999957.0,
            "min": 49962.0,
            "max": 4999957.0,
            "count": 100
        },
        "RaceCar.Policy.ExtrinsicValueEstimate.mean": {
            "value": 2.469438076019287,
            "min": -0.9592332243919373,
            "max": 3.078249454498291,
            "count": 100
        },
        "RaceCar.Policy.ExtrinsicValueEstimate.sum": {
            "value": 1958.264404296875,
            "min": -769.3050537109375,
            "max": 2416.42578125,
            "count": 100
        },
        "RaceCar.Policy.GailValueEstimate.mean": {
            "value": 6.40981388092041,
            "min": 1.8801722526550293,
            "max": 13.59769058227539,
            "count": 100
        },
        "RaceCar.Policy.GailValueEstimate.sum": {
            "value": 5082.982421875,
            "min": 1485.3360595703125,
            "max": 10905.34765625,
            "count": 100
        },
        "RaceCar.Environment.EpisodeLength.mean": {
            "value": 3574.5555555555557,
            "min": 902.45,
            "max": 4999.0,
            "count": 100
        },
        "RaceCar.Environment.EpisodeLength.sum": {
            "value": 64342.0,
            "min": 19996.0,
            "max": 74291.0,
            "count": 100
        },
        "RaceCar.Environment.CumulativeReward.mean": {
            "value": 309.44022743900615,
            "min": -39.13797844164073,
            "max": 470.4218243993819,
            "count": 100
        },
        "RaceCar.Environment.CumulativeReward.sum": {
            "value": 5569.924093902111,
            "min": -1565.5191376656294,
            "max": 6842.153384119272,
            "count": 100
        },
        "RaceCar.Policy.ExtrinsicReward.mean": {
            "value": 92.83207240188494,
            "min": -11.741393762733788,
            "max": 141.12655258644372,
            "count": 100
        },
        "RaceCar.Policy.ExtrinsicReward.sum": {
            "value": 1670.977303233929,
            "min": -469.6557505093515,
            "max": 2052.646091118455,
            "count": 100
        },
        "RaceCar.Policy.GailReward.mean": {
            "value": 330.4971481069368,
            "min": 56.74358934781507,
            "max": 405.7541688012883,
            "count": 100
        },
        "RaceCar.Policy.GailReward.sum": {
            "value": 5948.948665924862,
            "min": 470.36313404355855,
            "max": 14884.922909112764,
            "count": 100
        },
        "RaceCar.Losses.PolicyLoss.mean": {
            "value": 0.0495651834735933,
            "min": 0.04353649597798419,
            "max": 0.052097164466767175,
            "count": 100
        },
        "RaceCar.Losses.PolicyLoss.sum": {
            "value": 0.2478259173679665,
            "min": 0.17414598391193675,
            "max": 0.2604858223338359,
            "count": 100
        },
        "RaceCar.Losses.ValueLoss.mean": {
            "value": 24.283837688366575,
            "min": 4.495495837926865,
            "max": 93.42247293472289,
            "count": 100
        },
        "RaceCar.Losses.ValueLoss.sum": {
            "value": 121.41918844183287,
            "min": 22.477479189634323,
            "max": 467.1123646736145,
            "count": 100
        },
        "RaceCar.Policy.LearningRate.mean": {
            "value": 2.6819946380000006e-07,
            "min": 2.6819946380000006e-07,
            "max": 4.974210551579e-05,
            "count": 100
        },
        "RaceCar.Policy.LearningRate.sum": {
            "value": 1.3409973190000003e-06,
            "min": 1.3409973190000003e-06,
            "max": 0.0002463969572061,
            "count": 100
        },
        "RaceCar.Policy.Epsilon.mean": {
            "value": 0.10107240000000002,
            "min": 0.10107240000000002,
            "max": 0.29896841999999996,
            "count": 100
        },
        "RaceCar.Policy.Epsilon.sum": {
            "value": 0.5053620000000001,
            "min": 0.41989531999999996,
            "max": 1.4855877999999998,
            "count": 100
        },
        "RaceCar.Policy.Beta.mean": {
            "value": 1.2627380000000002e-05,
            "min": 1.2627380000000002e-05,
            "max": 0.000497472629,
            "count": 100
        },
        "RaceCar.Policy.Beta.sum": {
            "value": 6.313690000000001e-05,
            "min": 6.313690000000001e-05,
            "max": 0.00246469011,
            "count": 100
        },
        "RaceCar.Policy.GAILPolicyEstimate.mean": {
            "value": 0.025357018873716396,
            "min": 0.014224401080088381,
            "max": 0.08722424134612083,
            "count": 100
        },
        "RaceCar.Policy.GAILPolicyEstimate.sum": {
            "value": 0.12678509436858199,
            "min": 0.0711220054004419,
            "max": 0.43612120673060417,
            "count": 100
        },
        "RaceCar.Policy.GAILExpertEstimate.mean": {
            "value": 0.9782417578498522,
            "min": 0.8907585772375265,
            "max": 0.9887149312098822,
            "count": 100
        },
        "RaceCar.Policy.GAILExpertEstimate.sum": {
            "value": 4.891208789249261,
            "min": 3.563034308950106,
            "max": 4.943574656049411,
            "count": 100
        },
        "RaceCar.Losses.GAILLoss.mean": {
            "value": 0.0626832185095797,
            "min": 0.03351134447691341,
            "max": 0.2414116877069076,
            "count": 100
        },
        "RaceCar.Losses.GAILLoss.sum": {
            "value": 0.3134160925478985,
            "min": 0.16755672238456706,
            "max": 1.207058438534538,
            "count": 100
        },
        "RaceCar.Policy.GAILGradMagLoss.mean": {
            "value": 0.01865615797229111,
            "min": 0.014703106811891001,
            "max": 0.09009306792092198,
            "count": 100
        },
        "RaceCar.Policy.GAILGradMagLoss.sum": {
            "value": 0.09328078986145555,
            "min": 0.07053018780619216,
            "max": 0.3603722716836879,
            "count": 100
        },
        "RaceCar.Losses.PretrainingLoss.mean": {
            "value": 0.11047788007391823,
            "min": 0.11047788007391823,
            "max": 0.46064668579234014,
            "count": 100
        },
        "RaceCar.Losses.PretrainingLoss.sum": {
            "value": 0.5523894003695912,
            "min": 0.44672867556413015,
            "max": 1.8425867431693606,
            "count": 100
        },
        "RaceCar.IsTraining.mean": {
            "value": 1.0,
            "min": 1.0,
            "max": 1.0,
            "count": 100
        },
        "RaceCar.IsTraining.sum": {
            "value": 1.0,
            "min": 1.0,
            "max": 1.0,
            "count": 100
        }
    },
    "metadata": {
        "timer_format_version": "0.1.0",
        "start_time_seconds": "1698858388",
        "python_version": "3.9.17 (main, Jul  5 2023, 20:47:11) [MSC v.1916 64 bit (AMD64)]",
        "command_line_arguments": "\\\\?\\C:\\Users\\KIIT\\anaconda3\\envs\\mlagents20\\Scripts\\mlagents-learn .\\Config\\NN-RightOval.yaml --run-id=NN-RightOval --time-scale=20 --force",
        "mlagents_version": "0.30.0",
        "mlagents_envs_version": "0.30.0",
        "communication_protocol_version": "1.5.0",